{"cameraMode":{"drawMode":0,"name":"Shaded","section":"Shading Mode"},"sceneLighting":false,"audioPlay":false,"sceneViewState":{"showFog":true,"showMaterialUpdate":false,"showSkybox":false,"showFlares":true,"showImageEffects":true,"showParticleSystems":true},"in2DMode":false,"pivot":{"x":12.951042175292969,"y":1.2027316093444825,"z":14.37883472442627},"rotation":{"x":0.05477850139141083,"y":0.942064106464386,"z":-0.27049437165260317,"w":0.1907535344362259},"size":1.940011978149414,"orthographic":false}