{"cameraMode":{"drawMode":0,"name":"Shaded","section":"Shading Mode"},"sceneLighting":false,"audioPlay":false,"sceneViewState":{"showFog":true,"showMaterialUpdate":false,"showSkybox":false,"showFlares":true,"showImageEffects":true,"showParticleSystems":true},"in2DMode":false,"pivot":{"x":-1.3542976379394532,"y":2.190202474594116,"z":-2.7838563919067385},"rotation":{"x":-0.26343777775764468,"y":0.20975112915039063,"z":-0.058798156678676608,"w":-0.9397597908973694},"size":1.4911046028137208,"orthographic":false}