{"cameraMode":{"drawMode":0,"name":"Shaded","section":"Shading Mode"},"sceneLighting":true,"audioPlay":false,"sceneViewState":{"showFog":true,"showMaterialUpdate":false,"showSkybox":true,"showFlares":true,"showImageEffects":true,"showParticleSystems":true},"in2DMode":false,"pivot":{"x":13.843486785888672,"y":1.9053277969360352,"z":-24.349918365478517},"rotation":{"x":-0.29245439171791079,"y":-0.1436028927564621,"z":0.04447035863995552,"w":-0.9443898797035217},"size":2.8436763286590578,"orthographic":false}