{"cameraMode":{"drawMode":0,"name":"Shaded","section":"Shading Mode"},"sceneLighting":false,"audioPlay":false,"sceneViewState":{"showFog":true,"showMaterialUpdate":false,"showSkybox":false,"showFlares":true,"showImageEffects":true,"showParticleSystems":true},"in2DMode":false,"pivot":{"x":12.47371768951416,"y":-0.9317998886108398,"z":-29.722768783569337},"rotation":{"x":0.012640264816582203,"y":0.9838345050811768,"z":-0.1611032634973526,"w":0.07719318568706513},"size":7.163894176483154,"orthographic":false}