{"cameraMode":{"drawMode":0,"name":"Shaded","section":"Shading Mode"},"sceneLighting":false,"audioPlay":false,"sceneViewState":{"showFog":true,"showMaterialUpdate":false,"showSkybox":false,"showFlares":true,"showImageEffects":true,"showParticleSystems":true},"in2DMode":false,"pivot":{"x":-14.072502136230469,"y":2.0411550998687746,"z":-6.529289245605469},"rotation":{"x":-0.26343777775764468,"y":0.20975112915039063,"z":-0.058798156678676608,"w":-0.9397597908973694},"size":0.004155158996582031,"orthographic":false}