{"cameraMode":{"drawMode":0,"name":"Shaded","section":"Shading Mode"},"sceneLighting":false,"audioPlay":false,"sceneViewState":{"showFog":true,"showMaterialUpdate":false,"showSkybox":false,"showFlares":true,"showImageEffects":true,"showParticleSystems":true},"in2DMode":false,"pivot":{"x":-3.809140920639038,"y":1.2860000133514405,"z":1.9259393215179444},"rotation":{"x":0.12195262312889099,"y":0.6046096682548523,"z":-0.09435424953699112,"w":0.7814556360244751},"size":1.7064145803451539,"orthographic":false}