{"cameraMode":{"drawMode":0,"name":"Shaded","section":"Shading Mode"},"sceneLighting":false,"audioPlay":false,"sceneViewState":{"showFog":true,"showMaterialUpdate":false,"showSkybox":false,"showFlares":true,"showImageEffects":true,"showParticleSystems":true},"in2DMode":false,"pivot":{"x":-19.02133560180664,"y":0.7369422912597656,"z":-15.438249588012696},"rotation":{"x":-0.2169596403837204,"y":-0.6819233894348145,"z":0.22357019782066346,"w":-0.6617596745491028},"size":5.528807163238525,"orthographic":false}