{"cameraMode":{"drawMode":0,"name":"Shaded","section":"Shading Mode"},"sceneLighting":true,"audioPlay":false,"sceneViewState":{"showFog":true,"showMaterialUpdate":false,"showSkybox":true,"showFlares":true,"showImageEffects":true,"showParticleSystems":true},"in2DMode":false,"pivot":{"x":6.246230125427246,"y":-12.321269989013672,"z":-11.284823417663575},"rotation":{"x":-0.2857556939125061,"y":-0.6720355749130249,"z":0.31745752692222597,"w":-0.6049283742904663},"size":11.50529956817627,"orthographic":false}