{"cameraMode":{"drawMode":0,"name":"Shaded","section":"Shading Mode"},"sceneLighting":false,"audioPlay":false,"sceneViewState":{"showFog":true,"showMaterialUpdate":false,"showSkybox":false,"showFlares":true,"showImageEffects":true,"showParticleSystems":true},"in2DMode":false,"pivot":{"x":-3.399613857269287,"y":5.445277690887451,"z":13.555815696716309},"rotation":{"x":0.06276889890432358,"y":-0.7151307463645935,"z":0.06475996971130371,"w":0.6931504011154175},"size":3.1307213306427,"orthographic":false}